station_name,longitude,latitude,station_small,date,geohash
ADMIRALTY MRT STATION,103.8005335,1.440152397,admiralty,1996-02-10,w23b4n1jrxze
ADMIRALTY MRT STATION,103.8013645,1.440533388,admiralty,1996-02-10,w23b4n1zengk
ADMIRALTY MRT STATION,103.8005425,1.440596286,admiralty,1996-02-10,w23b4n30pfw7
ADMIRALTY MRT STATION,103.8009895,1.440345661,admiralty,1996-02-10,w23b4n1wd7gs
ALJUNIED MRT STATION,103.8824729,1.31648793,aljunied,1989-11-04,w21z7zsvj54h
ALJUNIED MRT STATION,103.8824967,1.316238485,aljunied,1989-11-04,w21z7zsgtseu
ANG MO KIO MRT STATION,103.8493433,1.369440531,ang mo kio,1987-11-07,w21zg1kc944y
ANG MO KIO MRT STATION,103.8495961,1.369685322,ang mo kio,1987-11-07,w21zg1kfyzz7
ANG MO KIO MRT STATION,103.849939,1.369464707,ang mo kio,1987-11-07,w21zg1m1wyxp
ANG MO KIO MRT STATION,103.8498246,1.369882375,ang mo kio,1987-11-07,w21zg1mhhk9d
BARTLEY MRT STATION,103.8789087,1.343501062,bartley,2009-05-28,w21zeud66nb2
BARTLEY MRT STATION,103.8802559,1.342248749,bartley,2009-05-28,w21zeu771mkc
BAYFRONT MRT STATION,103.8595969,1.282834909,bayfront,2012-01-14,w21z73s301b2
BAYFRONT MRT STATION,103.8597592,1.282705225,bayfront,2012-01-14,w21z73s27c9d
BAYFRONT MRT STATION,103.8587319,1.280967424,bayfront,2012-01-14,w21z735w5vek
BAYFRONT MRT STATION,103.858441,1.281104637,bayfront,2012-01-14,w21z735qvp4w
BAYFRONT MRT STATION,103.8594938,1.282834354,bayfront,2012-01-14,w21z73s1j9es
BEAUTY WORLD MRT STATION,103.7754507,1.341582215,beauty world,2015-12-27,w21z9knzr309
BEAUTY WORLD MRT STATION,103.7759843,1.34169615,beauty world,2015-12-27,w21z9kprgwq3
BEAUTY WORLD MRT STATION,103.7757615,1.339981874,beauty world,2015-12-27,w21z97zjyw8r
BEDOK MRT STATION,103.9291571,1.323568636,bedok,1989-11-04,w21zsbyykgh6
BEDOK MRT STATION,103.9296731,1.324268343,bedok,1989-11-04,w21zscp62vt0
BEDOK MRT STATION,103.9294043,1.324074646,bedok,1989-11-04,w21zscp169ks
BEDOK NORTH MRT STATION,103.9178105,1.334422577,bedok north,2017-10-21,w21zsdyts6rs
BEDOK NORTH MRT STATION,103.9180498,1.335126266,bedok north,2017-10-21,w21zsencdjd4
BEDOK NORTH MRT STATION,103.9190628,1.334166074,bedok north,2017-10-21,w21zsdzs1dt6
BEDOK NORTH MRT STATION,103.9191343,1.33437249,bedok north,2017-10-21,w21zsdzt734c
BEDOK RESERVOIR MRT STATION,103.9334872,1.336554903,bedok reservoir,2017-10-21,w21zt561czch
BEDOK RESERVOIR MRT STATION,103.9328868,1.336347761,bedok reservoir,2017-10-21,w21zt538gc32
BENCOOLEN MRT STATION,103.8492717,1.297699118,bencoolen,2017-10-21,w21z7hhxxktk
BENCOOLEN MRT STATION,103.8508434,1.299195196,bencoolen,2017-10-21,w21z7htbk593
BENCOOLEN MRT STATION,103.8495605,1.2981994,bencoolen,2017-10-21,w21z7hkfw1uv
BENDEMEER MRT STATION,103.863074,1.313852506,bendemeer,2017-10-21,w21z7rnv9pc5
BENDEMEER MRT STATION,103.8632192,1.313480725,bendemeer,2017-10-21,w21z7rngs6t3
BISHAN MRT STATION,103.8502011,1.35105322,bishan,1987-11-07,w21zejvqmnd6
BISHAN MRT STATION,103.848305,1.350579599,bishan,1987-11-07,w21zeju58yk9
BISHAN MRT STATION,103.8483123,1.351064439,bishan,1987-11-07,w21zejun90dj
BISHAN MRT STATION,103.8484329,1.351034838,bishan,1987-11-07,w21zejun7ghh
BISHAN MRT STATION,103.8482093,1.350584912,bishan,1987-11-07,w21zejggwxm2
BOON KENG MRT STATION,103.8607068,1.317914816,boon keng,2003-06-20,w21z7rvj3vhh
BOON KENG MRT STATION,103.8615024,1.320106876,boon keng,2003-06-20,w21ze2mdhmv2
BOON KENG MRT STATION,103.8619037,1.319235196,boon keng,2003-06-20,w21ze2jvjg28
BOON LAY MRT STATION,103.70565,1.338629508,boon lay,1990-07-06,w21xxgsnhf9k
BOON LAY MRT STATION,103.7053534,1.338514121,boon lay,1990-07-06,w21xxgevmvh5
BOON LAY MRT STATION,103.705795,1.338273222,boon lay,1990-07-06,w21xxgsk00jq
BOON LAY MRT STATION,103.7061455,1.338420696,boon lay,1990-07-06,w21xxgssb7dy
BOON LAY MRT STATION,103.7059552,1.338738109,boon lay,1990-07-06,w21xxgsqeyug
BOON LAY MRT STATION,103.705409,1.338279988,boon lay,1990-07-06,w21xxgeup1mx
BOTANIC GARDENS MRT STATION,103.8149769,1.322534633,botanic gardens,2011-10-08,w21zd2gb2636
BOTANIC GARDENS MRT STATION,103.8159141,1.322684612,botanic gardens,2011-10-08,w21zd2u3nnk1
BRADDELL MRT STATION,103.8474408,1.340672164,braddell,1987-11-07,w21zeh53uz2h
BRADDELL MRT STATION,103.8464065,1.340744319,braddell,1987-11-07,w21zeh4dksv5
BRADDELL MRT STATION,103.8464295,1.341068992,braddell,1987-11-07,w21zeh4sm1qh
BRAS BASAH MRT STATION,103.8504743,1.296046213,bras basah,2010-04-17,w21z75vw52w0
BRAS BASAH MRT STATION,103.8513273,1.296858922,bras basah,2010-04-17,w21z7hn4z240
BRAS BASAH MRT STATION,103.8502499,1.297014433,bras basah,2010-04-17,w21z7hj7wjnb
BRAS BASAH MRT STATION,103.8501575,1.297551485,bras basah,2010-04-17,w21z7hjqu11u
BRAS BASAH MRT STATION,103.8504232,1.297535452,bras basah,2010-04-17,w21z7hjwdq0h
BRIGHT HILL MRT STATION,103.8336354,1.364037182,bright hill,2021-08-28,w21zfb3654fn
BRIGHT HILL MRT STATION,103.8335106,1.363282762,bright hill,2021-08-28,w21zfb1m8nm4
BRIGHT HILL MRT STATION,103.8319538,1.363163957,bright hill,2021-08-28,w21zfb0j5bhm
BRIGHT HILL MRT STATION,103.8323757,1.362183805,bright hill,2021-08-28,w21zdzbrm9qy
BUANGKOK MRT STATION,103.8934632,1.382649723,buangkok,2006-01-15,w21zu5syt0t4
BUANGKOK MRT STATION,103.8928838,1.383409791,buangkok,2006-01-15,w21zu5u6zwkb
BUGIS MRT STATION,103.8556857,1.300006941,bugis,1989-11-04,w21z7k9mhfu5
BUGIS MRT STATION,103.8563366,1.300782199,bugis,1989-11-04,w21z7kccs53k
BUGIS MRT STATION,103.8559241,1.30120409,bugis,1989-11-04,w21z7kcs46jb
BUGIS MRT STATION,103.8568907,1.299078849,bugis,1989-11-04,w21z7k6r8vye
BUKIT BATOK MRT STATION,103.749937,1.349389588,bukit batok,1990-03-10,w21z8vskub2n
BUKIT BATOK MRT STATION,103.7497666,1.349520061,bukit batok,1990-03-10,w21z8vsm8bc0
BUKIT BATOK MRT STATION,103.7491184,1.348405376,bukit batok,1990-03-10,w21z8v7z18vx
BUKIT BATOK MRT STATION,103.749974,1.349561075,bukit batok,1990-03-10,w21z8vsmv87t
BUKIT GOMBAK MRT STATION,103.7517266,1.35906498,bukit gombak,1990-03-10,w21z8zmtnknd
BUKIT GOMBAK MRT STATION,103.7520764,1.359069846,bukit gombak,1990-03-10,w21z8zmvnsgr
BUKIT GOMBAK MRT STATION,103.751951,1.359297853,bukit gombak,1990-03-10,w21z8zmy7xmz
BUKIT GOMBAK MRT STATION,103.752093,1.358695261,bukit gombak,1990-03-10,w21z8zmfyzpu
BUKIT PANJANG MRT STATION,103.7619229,1.37900797,bukit panjang,2015-12-27,w21zc5j1k19q
BUKIT PANJANG MRT STATION,103.7595978,1.380745117,bukit panjang,2015-12-27,w21zc577mve9
BUKIT PANJANG MRT STATION,103.7620344,1.378766238,bukit panjang,2015-12-27,w21zc4vpysss
BUKIT PANJANG MRT STATION,103.7613705,1.378618894,bukit panjang,2015-12-27,w21zc4uxp1jw
BUONA VISTA MRT STATION,103.7909301,1.306298142,buona vista,1987-12-12,w21z3vf1xzwg
BUONA VISTA MRT STATION,103.7904492,1.307309451,buona vista,1987-12-12,w21z3vczsu0h
BUONA VISTA MRT STATION,103.7906566,1.307197257,buona vista,1987-12-12,w21z3vfncx4z
BUONA VISTA MRT STATION,103.7905994,1.306912889,buona vista,1987-12-12,w21z3vfj260p
CALDECOTT MRT STATION,103.8394067,1.337105317,caldecott,2011-10-08,w21zdgmt1w3x
CALDECOTT MRT STATION,103.8403875,1.33825973,caldecott,2011-10-08,w21zdgw7bmsy
CALDECOTT MRT STATION,103.8404647,1.337832023,caldecott,2011-10-08,w21zdgw36jyq
CALDECOTT MRT STATION,103.8398824,1.336750875,caldecott,2011-10-08,w21zdgmghskm
CANBERRA MRT STATION,103.8292546,1.443511339,canberra,2019-11-02,w23b4wy1hfp8
CANBERRA MRT STATION,103.829528,1.443630141,canberra,2019-11-02,w23b4wy3g25m
CANBERRA MRT STATION,103.8297003,1.442804465,canberra,2019-11-02,w23b4wwkzq5z
CANBERRA MRT STATION,103.8299617,1.442935148,canberra,2019-11-02,w23b4wwttqwg
CANBERRA MRT STATION,103.8301162,1.443255914,canberra,2019-11-02,w23b4wwz946h
CASHEW MRT STATION,103.7642345,1.369833319,cashew,2015-12-27,w21zc1qgcgmn
CHANGI AIRPORT MRT STATION,103.9892766,1.356341421,changi airport,2002-02-08,w21zwqftmb2e
CHANGI AIRPORT MRT STATION,103.9873046,1.357220256,changi airport,2002-02-08,w21zwr14ru4n
CHINATOWN MRT STATION,103.8437979,1.28371277,chinatown,2003-06-20,w21z718wpv7u
CHINATOWN MRT STATION,103.8434762,1.28540646,chinatown,2003-06-20,w21z740803hh
CHINATOWN MRT STATION,103.8428129,1.284674897,chinatown,2003-06-20,w21z71b5bbv2
CHINATOWN MRT STATION,103.8444281,1.285044081,chinatown,2003-06-20,w21z71cjyt9f
CHINATOWN MRT STATION,103.8444585,1.284736084,chinatown,2003-06-20,w21z71chpk0m
CHINATOWN MRT STATION,103.8454625,1.284274776,chinatown,2003-06-20,w21z71ccqwjj
CHINESE GARDEN MRT STATION,103.7333931,1.341565826,chinese garden,1988-11-05,w21z8s0r5mbp
CHINESE GARDEN MRT STATION,103.7327418,1.34198209,chinese garden,1988-11-05,w21z8krcs5d6
CHINESE GARDEN MRT STATION,103.7322202,1.342438743,chinese garden,1988-11-05,w21z8krkrbtx
CHOA CHU KANG MRT STATION,103.7442236,1.385705391,choa chu kang,1990-03-10,w21zbu20rd5y
CHOA CHU KANG MRT STATION,103.7445571,1.385431281,choa chu kang,1990-03-10,w21zbu0qxrhe
CHOA CHU KANG MRT STATION,103.74456,1.3854,choa chu kang,1990-03-10,w21zbu0qx3qb
CHOA CHU KANG MRT STATION,103.74447,1.3846,choa chu kang,1990-03-10,w21zbu03vk5s
CHOA CHU KANG MRT STATION,103.74447,1.38573,choa chu kang,1990-03-10,w21zbu22mqg9
CHOA CHU KANG MRT STATION,103.74411,1.38537,choa chu kang,1990-03-10,w21zbu0nkgxj
CHOA CHU KANG MRT STATION,103.7445178,1.385736185,choa chu kang,1990-03-10,w21zbu22qrzq
CITY HALL MRT STATION,103.8518023,1.293454826,city hall,1987-12-12,w21z75qwfmkq
CITY HALL MRT STATION,103.8530204,1.29322711,city hall,1987-12-12,w21z75rmwg08
CITY HALL MRT STATION,103.8519602,1.293099919,city hall,1987-12-12,w21z75qsy561
CITY HALL MRT STATION,103.8529803,1.293041848,city hall,1987-12-12,w21z75rktb6z
CLARKE QUAY MRT STATION,103.8459034,1.287805753,clarke quay,2003-06-20,w21z746q0bmu
CLARKE QUAY MRT STATION,103.8465939,1.289199258,clarke quay,2003-06-20,w21z74dy1h0t
CLARKE QUAY MRT STATION,103.8466658,1.289383852,clarke quay,2003-06-20,w21z74dz4ww6
CLARKE QUAY MRT STATION,103.8471297,1.289405567,clarke quay,2003-06-20,w21z74epmd87
CLARKE QUAY MRT STATION,103.8460645,1.286898788,clarke quay,2003-06-20,w21z7462sxmf
CLARKE QUAY MRT STATION,103.8470326,1.289000183,clarke quay,2003-06-20,w21z74ehgppc
CLEMENTI MRT STATION,103.7649821,1.315373558,clementi,1988-03-12,w21z3prqe76s
CLEMENTI MRT STATION,103.7651856,1.315469129,clementi,1988-03-12,w21z3prx0j4r
CLEMENTI MRT STATION,103.7655701,1.314078414,clementi,1988-03-12,w21z3ppz11cp
CLEMENTI MRT STATION,103.7657498,1.314162298,clementi,1988-03-12,w21z3ppzt1x5
COMMONWEALTH MRT STATION,103.7980579,1.302752777,commonwealth,1987-12-12,w21z3vpmn49x
COMMONWEALTH MRT STATION,103.7979583,1.302648161,commonwealth,1987-12-12,w21z3vpk7xpq
COMMONWEALTH MRT STATION,103.7987786,1.302077046,commonwealth,1987-12-12,w21z3vpcnug0
COMMONWEALTH MRT STATION,103.7987203,1.302012719,commonwealth,1987-12-12,w21z3vpbv2z8
DAKOTA MRT STATION,103.8893072,1.308814188,dakota,2010-04-17,w21zkn3bkkdh
DAKOTA MRT STATION,103.8879793,1.30809675,dakota,2010-04-17,w21zkn0ujqgv
DHOBY GHAUT MRT STATION,103.8447479,1.299649242,dhoby ghaut,1987-12-12,w21z7h97n00m
DHOBY GHAUT MRT STATION,103.846788,1.298445092,dhoby ghaut,1987-12-12,w21z7h6gvx9q
DHOBY GHAUT MRT STATION,103.8452296,1.299055891,dhoby ghaut,1987-12-12,w21z7h3z91x6
DHOBY GHAUT MRT STATION,103.8453723,1.299748471,dhoby ghaut,1987-12-12,w21z7h9gsd9v
DHOBY GHAUT MRT STATION,103.8458423,1.299634892,dhoby ghaut,1987-12-12,w21z7hd4zt82
DHOBY GHAUT MRT STATION,103.8450301,1.299930666,dhoby ghaut,1987-12-12,w21z7h9sssds
DOVER MRT STATION,103.7783047,1.311415433,dover,2001-10-18,w21z3w9p9c89
DOVER MRT STATION,103.7784648,1.311693192,dover,2001-10-18,w21z3wc1jt24
DOWNTOWN MRT STATION,103.8524277,1.27979624,downtown,2013-12-22,w21z70zp2gq9
DOWNTOWN MRT STATION,103.852478,1.279527911,downtown,2013-12-22,w21z70zjf1k1
DOWNTOWN MRT STATION,103.8529081,1.279601318,downtown,2013-12-22,w21z70zqhnuz
DOWNTOWN MRT STATION,103.8531521,1.279444368,downtown,2013-12-22,w21z70zt3cdy
DOWNTOWN MRT STATION,103.8530138,1.279176041,downtown,2013-12-22,w21z70z7wxey
DOWNTOWN MRT STATION,103.8526466,1.279773455,downtown,2013-12-22,w21z70zpnp1f
ESPLANADE MRT STATION,103.8563056,1.293370548,esplanade,2010-04-17,w21z773y7mdr
ESPLANADE MRT STATION,103.8549202,1.293586401,esplanade,2010-04-17,w21z772zejcr
ESPLANADE MRT STATION,103.8558552,1.292904337,esplanade,2010-04-17,w21z773e8yf6
ESPLANADE MRT STATION,103.8561757,1.292927187,esplanade,2010-04-17,w21z773gb717
ESPLANADE MRT STATION,103.8555678,1.293128814,esplanade,2010-04-17,w21z773m40sj
ESPLANADE MRT STATION,103.8551046,1.293819507,esplanade,2010-04-17,w21z778cp36v
ESPLANADE MRT STATION,103.8558338,1.292623743,esplanade,2010-04-17,w21z773d06d8
EUNOS MRT STATION,103.9032152,1.319529919,eunos,1989-11-04,w21zs2hnb6hw
EUNOS MRT STATION,103.9028941,1.319517275,eunos,1989-11-04,w21zs25y8zv5
EUNOS MRT STATION,103.9025821,1.319562545,eunos,1989-11-04,w21zs25x18k9
EXPO MRT STATION,103.961943,1.335321724,expo,2001-01-10,w21ztenfbf52
EXPO MRT STATION,103.9620753,1.335252944,expo,2001-01-10,w21ztenf7vjy
EXPO MRT STATION,103.962161,1.335950972,expo,2001-01-10,w21ztenymzmc
EXPO MRT STATION,103.9631007,1.334834888,expo,2001-01-10,w21ztdzxgz68
EXPO MRT STATION,103.9621234,1.334863314,expo,2001-01-10,w21ztenbjh9c
EXPO MRT STATION,103.963049,1.33501932,expo,2001-01-10,w21ztep949eu
EXPO MRT STATION,103.9618368,1.335482822,expo,2001-01-10,w21zteney2h1
EXPO MRT STATION,103.9628657,1.334711948,expo,2001-01-10,w21ztdzrq276
FARRER PARK MRT STATION,103.8558067,1.311765877,farrer park,2003-06-20,w21z7qc3xdyk
FARRER PARK MRT STATION,103.8560989,1.311883508,farrer park,2003-06-20,w21z7qcdq8b1
FARRER PARK MRT STATION,103.8547638,1.313543966,farrer park,2003-06-20,w21z7r0ezqkd
FARRER PARK MRT STATION,103.852651,1.311883537,farrer park,2003-06-20,w21z7nz4q0v4
FARRER PARK MRT STATION,103.8531994,1.311422046,farrer park,2003-06-20,w21z7nxxdfy1
FARRER PARK MRT STATION,103.8529746,1.312453606,farrer park,2003-06-20,w21z7nzmtend
FARRER PARK MRT STATION,103.8532668,1.311910679,farrer park,2003-06-20,w21z7nzdktbk
FARRER PARK MRT STATION,103.8547727,1.312326909,farrer park,2003-06-20,w21z7qbsze7q
FARRER PARK MRT STATION,103.855501,1.312259036,farrer park,2003-06-20,w21z7qck2wf6
FARRER ROAD MRT STATION,103.8079652,1.317493726,farrer road,2011-10-08,w21z6pyduyth
FARRER ROAD MRT STATION,103.8073892,1.317552016,farrer road,2011-10-08,w21z6py5r3rx
FORT CANNING MRT STATION,103.844425,1.292830276,fort canning,2017-10-21,w21z7535q3p2
FORT CANNING MRT STATION,103.84417,1.292406096,fort canning,2017-10-21,w21z7530b9cq
GARDENS BY THE BAY MRT STATION,103.8671541,1.27830344,gardens by the bay,2022-11-13,w21z789y8j59
GARDENS BY THE BAY MRT STATION,103.8679688,1.278826223,gardens by the bay,2022-11-13,w21z78f3en7p
GARDENS BY THE BAY MRT STATION,103.8685867,1.280370756,gardens by the bay,2022-11-13,w21z794f9qrv
GEYLANG BAHRU MRT STATION,103.8717943,1.321109116,geylang bahru,2017-10-21,w21ze8t0h0xd
GEYLANG BAHRU MRT STATION,103.8715556,1.321561699,geylang bahru,2017-10-21,w21ze8sfwsvw
GREAT WORLD MRT STATION,103.8334055,1.296552595,great world,2022-11-13,w21z6u10vwyv
GREAT WORLD MRT STATION,103.8339046,1.293320976,great world,2022-11-13,w21z6g3w1kdb
GREAT WORLD MRT STATION,103.8326271,1.2928695,great world,2022-11-13,w21z6g2ee866
GREAT WORLD MRT STATION,103.832841,1.293184345,great world,2022-11-13,w21z6g2v2e1c
GREAT WORLD MRT STATION,103.8327341,1.293819977,great world,2022-11-13,w21z6g89n1d0
GREAT WORLD MRT STATION,103.8330371,1.296029833,great world,2022-11-13,w21z6gbvvjkp
GUL CIRCLE MRT STATION,103.6604441,1.319032267,gul circle,2017-06-18,w21xwb55zmmm
GUL CIRCLE MRT STATION,103.6594349,1.318837183,gul circle,2017-06-18,w21xwb46zchf
HARBOURFRONT MRT STATION,103.8215803,1.26497196,harbourfront,2003-06-20,w21z4w28fpv7
HARBOURFRONT MRT STATION,103.8213989,1.265979255,harbourfront,2003-06-20,w21z4w2qvgtu
HARBOURFRONT MRT STATION,103.8204684,1.266013183,harbourfront,2003-06-20,w21z4qrz03bn
HARBOURFRONT MRT STATION,103.8225098,1.265085035,harbourfront,2003-06-20,w21z4w31xufq
HARBOURFRONT MRT STATION,103.8225317,1.265259884,harbourfront,2003-06-20,w21z4w368md9
HARBOURFRONT MRT STATION,103.8205088,1.265154682,harbourfront,2003-06-20,w21z4qrf11ym
HAVELOCK MRT STATION,103.8338398,1.286676745,havelock,2022-11-13,w21z6f1rrvft
HAVELOCK MRT STATION,103.8334951,1.286944067,havelock,2022-11-13,w21z6f30zzc8
HAVELOCK MRT STATION,103.8339619,1.289560964,havelock,2022-11-13,w21z6fc84xtd
HAVELOCK MRT STATION,103.8340035,1.290166894,havelock,2022-11-13,w21z6fceg8s9
HAVELOCK MRT STATION,103.8333695,1.288843563,havelock,2022-11-13,w21z6f9hhcgg
HAW PAR VILLA MRT STATION,103.7820064,1.283055274,haw par villa,2011-10-08,w21z39ef24bf
HILLVIEW MRT STATION,103.7671085,1.36208434,hillview,2015-12-27,w21z9rbysyuj
HILLVIEW MRT STATION,103.7676883,1.362474238,hillview,2015-12-27,w21zc212frs7
HOLLAND VILLAGE MRT STATION,103.7957691,1.311069484,holland village,2011-10-08,w21z3ytv89p4
HOLLAND VILLAGE MRT STATION,103.7957538,1.310711201,holland village,2011-10-08,w21z3ytg2q78
HOLLAND VILLAGE MRT STATION,103.7961391,1.311220266,holland village,2011-10-08,w21z3ywn3m4v
HOUGANG MRT STATION,103.8929724,1.371946117,hougang,2003-06-20,w21zu1u81tr1
HOUGANG MRT STATION,103.891975,1.372141835,hougang,2003-06-20,w21zu1gc63z2
HOUGANG MRT STATION,103.8924457,1.370208578,hougang,2003-06-20,w21zu1knj3qk
JALAN BESAR MRT STATION,103.8552961,1.304889894,jalan besar,2017-10-21,w21z7m91ec1e
JALAN BESAR MRT STATION,103.8552446,1.30546728,jalan besar,2017-10-21,w21z7m9hfsep
JOO KOON MRT STATION,103.6785207,1.327502084,joo koon,2009-02-28,w21xx38mk8k6
JOO KOON MRT STATION,103.6786441,1.327956111,joo koon,2009-02-28,w21xx38rzsbq
JURONG EAST MRT STATION,103.7427621,1.332748685,jurong east,1990-03-10,w21z8dx5vd65
JURONG EAST MRT STATION,103.7417599,1.333989604,jurong east,1990-03-10,w21z8dy7n1wv
JURONG EAST MRT STATION,103.7426402,1.332526236,jurong east,1990-03-10,w21z8dx4d8zh
JURONG EAST MRT STATION,103.7422982,1.333581331,jurong east,1990-03-10,w21z8dybdv84
KAKI BUKIT MRT STATION,103.9091463,1.33492189,kaki bukit,2017-10-21,w21zse026x7p
KAKI BUKIT MRT STATION,103.9094051,1.335311206,kaki bukit,2017-10-21,w21zse0db8h1
KALLANG MRT STATION,103.8715871,1.311781771,kallang,1989-11-04,w21z7wucxmv5
KALLANG MRT STATION,103.8717306,1.311540483,kallang,1989-11-04,w21z7wv06bb5
KEMBANGAN MRT STATION,103.9128993,1.321152108,kembangan,1989-11-04,w21zs8e0609e
KEMBANGAN MRT STATION,103.9129411,1.32092376,kembangan,1989-11-04,w21zs87ngn0c
KENT RIDGE MRT STATION,103.7848096,1.292428116,kent ridge,2011-10-08,w21z3embcq54
KENT RIDGE MRT STATION,103.7844659,1.294315887,kent ridge,2011-10-08,w21z3etecmfx
KENT RIDGE MRT STATION,103.7844905,1.293984785,kent ridge,2011-10-08,w21z3etd1bjp
KENT RIDGE MRT STATION,103.7845347,1.293218803,kent ridge,2011-10-08,w21z3emtdcqn
KHATIB MRT STATION,103.8328869,1.417544707,khatib,1988-12-20,w23b4f0cc9kp
KHATIB MRT STATION,103.8329224,1.417058212,khatib,1988-12-20,w23b4cbyfqy9
KHATIB MRT STATION,103.8327067,1.417143418,khatib,1988-12-20,w23b4cbxmqtt
KHATIB MRT STATION,103.833231,1.417869037,khatib,1988-12-20,w23b4f159tuw
KING ALBERT PARK MRT STATION,103.7830303,1.335537078,king albert park,2015-12-27,w21z9ehkpfhk
KING ALBERT PARK MRT STATION,103.7845616,1.335976046,king albert park,2015-12-27,w21z9ejweefp
KOVAN MRT STATION,103.8847217,1.360205623,kovan,2003-06-20,w21zezwec2wy
KOVAN MRT STATION,103.8854506,1.36002801,kovan,2003-06-20,w21zezx4drw7
KOVAN MRT STATION,103.8843074,1.359707589,kovan,2003-06-20,w21zezw0zgcg
KRANJI MRT STATION,103.7624968,1.425124959,kranji,1996-02-10,w23b15mtcqt3
KRANJI MRT STATION,103.7617547,1.425125949,kranji,1996-02-10,w23b15mjbnsp
KRANJI MRT STATION,103.7619406,1.424852645,kranji,1996-02-10,w23b15mhk7y9
KRANJI MRT STATION,103.7620185,1.424739171,kranji,1996-02-10,w23b15m5wq8u
LABRADOR PARK MRT STATION,103.8023556,1.272106958,labrador park,2011-10-08,w21z4pddd1ym
LAKESIDE MRT STATION,103.7217128,1.34430417,lakeside,1988-11-05,w21z8hxz5h6w
LAKESIDE MRT STATION,103.7210754,1.344081458,lakeside,1988-11-05,w21z8hxmu4zq
LAKESIDE MRT STATION,103.7204485,1.343983341,lakeside,1988-11-05,w21z8hwvm8eu
LAVENDER MRT STATION,103.8630431,1.30716946,lavender,1989-11-04,w21z7myyb641
LAVENDER MRT STATION,103.8626503,1.307618539,lavender,1989-11-04,w21z7qn3rjv2
LENTOR MRT STATION,103.8358235,1.38589099,lentor,2021-08-28,w21zfu6cqhcc
LENTOR MRT STATION,103.83536,1.38540983,lentor,2021-08-28,w21zfu4we705
LENTOR MRT STATION,103.8373981,1.384601954,lentor,2021-08-28,w21zfuh1fsxb
LENTOR MRT STATION,103.8373387,1.383627752,lentor,2021-08-28,w21zfguh1qgt
LENTOR MRT STATION,103.8368395,1.384162375,lentor,2021-08-28,w21zfggxmdx6
LITTLE INDIA MRT STATION,103.84936,1.305605251,little india,2003-06-20,w21z7jsv9qrq
LITTLE INDIA MRT STATION,103.8489851,1.306563555,little india,2003-06-20,w21z7jue29pg
LITTLE INDIA MRT STATION,103.849,1.306854737,little india,2003-06-20,w21z7juscp6u
LITTLE INDIA MRT STATION,103.8497048,1.306351554,little india,2003-06-20,w21z7jv41986
LITTLE INDIA MRT STATION,103.8503222,1.307426444,little india,2003-06-20,w21z7nj2rcuy
LITTLE INDIA MRT STATION,103.8483044,1.307683537,little india,2003-06-20,w21z7nh1bcuh
LORONG CHUAN MRT STATION,103.8629183,1.351738538,lorong chuan,2009-05-28,w21zeqndmqm4
LORONG CHUAN MRT STATION,103.8649337,1.351439104,lorong chuan,2009-05-28,w21zew00sqeb
MACPHERSON MRT STATION,103.8897933,1.326678759,macpherson,2010-04-17,w21zs1d0rwue
MACPHERSON MRT STATION,103.8906657,1.32585503,macpherson,2010-04-17,w21zs16gevr1
MACPHERSON MRT STATION,103.8902626,1.32548153,macpherson,2010-04-17,w21zs1696xdm
MACPHERSON MRT STATION,103.8886152,1.326192778,macpherson,2010-04-17,w21zs13mshq0
MACPHERSON MRT STATION,103.8884548,1.325145459,macpherson,2010-04-17,w21zs11r83n2
MARINA BAY MRT STATION,103.85447,1.277353033,marina bay,1989-11-04,w21z72890ece
MARINA BAY MRT STATION,103.8543195,1.274693264,marina bay,1989-11-04,w21z7203th13
MARINA BAY MRT STATION,103.8564888,1.273634209,marina bay,1989-11-04,w21z5rcgrwdg
MARINA BAY MRT STATION,103.8553717,1.275416366,marina bay,1989-11-04,w21z721jvdcf
MARINA BAY MRT STATION,103.8550033,1.276158931,marina bay,1989-11-04,w21z722fhvr0
MARINA SOUTH MRT STATION,103.8615039,1.273574804,marina south,1989-11-04,w21z5rveh7w3
MARINA SOUTH MRT STATION,103.8617772,1.27385995,marina south,1989-11-04,w21z5rvufbdn
MARINA SOUTH MRT STATION,103.8628943,1.273135205,marina south,1989-11-04,w21z5ry8sce5
MARINA SOUTH MRT STATION,103.8626685,1.275511415,marina south,1989-11-04,w21z72nqrsdc
MARINA SOUTH PIER MRT STATION,103.8623301,1.27052999,marina south pier,2014-11-23,w21z5rq1reyw
MARINA SOUTH PIER MRT STATION,103.8635797,1.271437837,marina south pier,2014-11-23,w21z5rrnsv4q
MARSILING MRT STATION,103.7744105,1.432751372,marsiling,1996-02-10,w23b1ky4rh0y
MARSILING MRT STATION,103.7739971,1.432751361,marsiling,1996-02-10,w23b1kvfmkhw
MARSILING MRT STATION,103.7738205,1.432469522,marsiling,1996-02-10,w23b1kvb9r8v
MARSILING MRT STATION,103.7742105,1.432801694,marsiling,1996-02-10,w23b1ky4dmeg
MARYMOUNT MRT STATION,103.8400589,1.347866072,marymount,2009-05-28,w21zdvq5bsry
MARYMOUNT MRT STATION,103.839088,1.348980386,marymount,2009-05-28,w21zdvt66h5v
MATTAR MRT STATION,103.8827321,1.327251414,mattar,2017-10-21,w21zect5g1e7
MATTAR MRT STATION,103.8837484,1.326463522,mattar,2017-10-21,w21zecmz4y9p
MAXWELL MRT STATION,103.8429163,1.280191522,maxwell,2022-11-13,w21z7101ekfx
MAXWELL MRT STATION,103.8441644,1.281034255,maxwell,2022-11-13,w21z711n86j4
MAXWELL MRT STATION,103.8448955,1.280919437,maxwell,2022-11-13,w21z711tckwq
MAYFLOWER MRT STATION,103.837461,1.373532092,mayflower,2021-08-28,w21zffh1khyy
MAYFLOWER MRT STATION,103.8370317,1.373719761,mayflower,2021-08-28,w21zff5f6pyt
MAYFLOWER MRT STATION,103.8367168,1.372703972,mayflower,2021-08-28,w21zfcgsdfef
MAYFLOWER MRT STATION,103.836285,1.371377308,mayflower,2021-08-28,w21zfcekbg3b
MAYFLOWER MRT STATION,103.836796,1.371276323,mayflower,2021-08-28,w21zfcesk8qv
MAYFLOWER MRT STATION,103.8367603,1.370777338,mayflower,2021-08-28,w21zfce97gkm
MAYFLOWER MRT STATION,103.8363087,1.370896144,mayflower,2021-08-28,w21zfce613ed
MOUNTBATTEN MRT STATION,103.8832483,1.306045926,mountbatten,2010-04-17,w21z7vv2r0s5
MOUNTBATTEN MRT STATION,103.8825975,1.30675271,mountbatten,2010-04-17,w21z7vuuruqg
NAPIER MRT STATION,103.8194838,1.306935988,napier,2022-11-13,w21z6mzj3q9b
NAPIER MRT STATION,103.8195066,1.306344979,napier,2022-11-13,w21z6mz41b6g
NEWTON MRT STATION,103.8378813,1.312597797,newton,1987-12-12,w21z6yuqqjbn
NEWTON MRT STATION,103.8382191,1.312075462,newton,1987-12-12,w21z6yuemus4
NEWTON MRT STATION,103.8382424,1.313617269,newton,1987-12-12,w21z6zhsqkj2
NICOLL HIGHWAY MRT STATION,103.8641517,1.29966076,nicoll highway,2010-04-17,w21z7kxe44kf
NICOLL HIGHWAY MRT STATION,103.863506,1.30016969,nicoll highway,2010-04-17,w21z7kxn515q
NOVENA MRT STATION,103.8433397,1.319895886,novena,1987-12-12,w21ze022vnqj
NOVENA MRT STATION,103.8443893,1.321094868,novena,1987-12-12,w21ze03pvtuv
ONE-NORTH MRT STATION,103.7879278,1.300359493,one-north,2011-10-08,w21z3u8p4h84
ONE-NORTH MRT STATION,103.7869075,1.299027499,one-north,2011-10-08,w21z3srr6hr2
ONE-NORTH MRT STATION,103.7875655,1.299714698,one-north,2011-10-08,w21z3sxg3s3u
ONE-NORTH MRT STATION,103.7877848,1.300074703,one-north,2011-10-08,w21z3sxvqxmx
ORCHARD BOULEVARD MRT STATION,103.8236379,1.303623953,orchard boulevard,2022-11-13,w21z6t644j5e
ORCHARD BOULEVARD MRT STATION,103.8238956,1.302463324,orchard boulevard,2022-11-13,w21z6t472hg8
ORCHARD MRT STATION,103.8304967,1.304217979,orchard,1987-12-12,w21z6trj9gvg
ORCHARD MRT STATION,103.8311266,1.304045705,orchard,1987-12-12,w21z6trs8eer
ORCHARD MRT STATION,103.8315069,1.303665516,orchard,1987-12-12,w21z6trf3kz5
ORCHARD MRT STATION,103.8317861,1.30344572,orchard,1987-12-12,w21z6trcpgzh
ORCHARD MRT STATION,103.8321248,1.302299211,orchard,1987-12-12,w21z6v04ry5v
ORCHARD MRT STATION,103.8320238,1.303944717,orchard,1987-12-12,w21z6v2hj8bm
ORCHARD MRT STATION,103.8323209,1.303647695,orchard,1987-12-12,w21z6v26k3w1
ORCHARD MRT STATION,103.8306631,1.302857615,orchard,1987-12-12,w21z6tpjty3b
ORCHARD MRT STATION,103.8327708,1.304161138,orchard,1987-12-12,w21z6v2tqcm2
ORCHARD MRT STATION,103.8321716,1.303167534,orchard,1987-12-12,w21z6v0r8bn9
ORCHARD MRT STATION,103.8320398,1.304560474,orchard,1987-12-12,w21z6v2ptgsq
ORCHARD MRT STATION,103.8325243,1.304892178,orchard,1987-12-12,w21z6v8991t9
ORCHARD MRT STATION,103.8326196,1.304354399,orchard,1987-12-12,w21z6v2w7mkc
OUTRAM PARK MRT STATION,103.8381171,1.282321631,outram park,1987-12-12,w21z6ckw56pf
OUTRAM PARK MRT STATION,103.8386402,1.281022018,outram park,1987-12-12,w21z6chyrxy1
OUTRAM PARK MRT STATION,103.8397892,1.280993276,outram park,1987-12-12,w21z6cjy66qy
OUTRAM PARK MRT STATION,103.8386577,1.281602428,outram park,1987-12-12,w21z6cm1bh50
OUTRAM PARK MRT STATION,103.8389348,1.281675346,outram park,1987-12-12,w21z6cm4q99e
OUTRAM PARK MRT STATION,103.8403868,1.280213354,outram park,1987-12-12,w21z6cn3b3h6
OUTRAM PARK MRT STATION,103.8395492,1.278946956,outram park,1987-12-12,w21z6bvdkugz
OUTRAM PARK MRT STATION,103.8385373,1.279051239,outram park,1987-12-12,w21z6bugj23m
PASIR PANJANG MRT STATION,103.7920302,1.276003233,pasir panjang,2011-10-08,w21z3b71385p
PASIR RIS MRT STATION,103.9491369,1.372886236,pasir ris,1989-12-16,w21zv3vmwkw3
PASIR RIS MRT STATION,103.9493334,1.372841969,pasir ris,1989-12-16,w21zv3vt7h2c
PAYA LEBAR MRT STATION,103.8927883,1.318215992,paya lebar,1989-11-04,w21zkpurjmmb
PAYA LEBAR MRT STATION,103.8922172,1.318347467,paya lebar,1989-11-04,w21zkpupbjgb
PAYA LEBAR MRT STATION,103.8917211,1.318149285,paya lebar,1989-11-04,w21zkpgwu8f4
PAYA LEBAR MRT STATION,103.8920777,1.316587719,paya lebar,1989-11-04,w21zkpevsvez
PIONEER MRT STATION,103.6971554,1.337344627,pioneer,2009-02-28,w21xxemywg57
PIONEER MRT STATION,103.6971295,1.337831628,pioneer,2009-02-28,w21xxetcqmbh
POTONG PASIR MRT STATION,103.8689664,1.332801352,potong pasir,2003-06-20,w21zedeh4k4v
POTONG PASIR MRT STATION,103.8687039,1.331066711,potong pasir,2003-06-20,w21zed6fh0z4
POTONG PASIR MRT STATION,103.8693332,1.331148141,potong pasir,2003-06-20,w21zed766zur
PROMENADE MRT STATION,103.8606736,1.291711661,promenade,2010-04-17,w21z77jhc0e2
PROMENADE MRT STATION,103.8601369,1.293862088,promenade,2010-04-17,w21z77s9k975
PROMENADE MRT STATION,103.8602365,1.294102756,promenade,2010-04-17,w21z77sdwyjr
PUNGGOL MRT STATION,103.902306,1.405339576,punggol,2003-06-20,w21zurg6enq9
PUNGGOL MRT STATION,103.9025982,1.405186242,punggol,2003-06-20,w21zurg9f18w
QUEENSTOWN MRT STATION,103.8061828,1.294247262,queenstown,1987-12-12,w21z65t7e3hj
QUEENSTOWN MRT STATION,103.8063115,1.294329909,queenstown,1987-12-12,w21z65tkn2s4
QUEENSTOWN MRT STATION,103.8055847,1.295446256,queenstown,1987-12-12,w21z65uft2wj
QUEENSTOWN MRT STATION,103.8054922,1.295382931,queenstown,1987-12-12,w21z65uf5kch
RAFFLES PLACE MRT STATION,103.8516217,1.285258281,raffles place,1987-12-12,w21z71yrnjt8
RAFFLES PLACE MRT STATION,103.8515226,1.283211582,raffles place,1987-12-12,w21z71w75zgz
RAFFLES PLACE MRT STATION,103.85148,1.284606875,raffles place,1987-12-12,w21z71y76uh4
RAFFLES PLACE MRT STATION,103.8514781,1.285016897,raffles place,1987-12-12,w21z71ymfbd8
RAFFLES PLACE MRT STATION,103.8514384,1.284125148,raffles place,1987-12-12,w21z71y29fm0
RAFFLES PLACE MRT STATION,103.8513532,1.283641391,raffles place,1987-12-12,w21z71wjzbje
RAFFLES PLACE MRT STATION,103.8515625,1.283630521,raffles place,1987-12-12,w21z71wmsy1d
RAFFLES PLACE MRT STATION,103.851296,1.282626234,raffles place,1987-12-12,w21z71qpydfg
RAFFLES PLACE MRT STATION,103.8509609,1.282538575,raffles place,1987-12-12,w21z71mzqf90
RAFFLES PLACE MRT STATION,103.8514333,1.282382307,raffles place,1987-12-12,w21z71qq3v3k
REDHILL MRT STATION,103.8169945,1.289370705,redhill,1987-12-12,w21z66tppk1g
REDHILL MRT STATION,103.8172494,1.289485875,redhill,1987-12-12,w21z66trv1xf
ROCHOR MRT STATION,103.852375,1.303404107,rochor,2015-12-27,w21z7jqbzspk
ROCHOR MRT STATION,103.8531043,1.304214777,rochor,2015-12-27,w21z7jrt8er0
SEMBAWANG MRT STATION,103.819759,1.449156837,sembawang,1996-02-10,w23b4rz1zwrj
SEMBAWANG MRT STATION,103.8201097,1.448837319,sembawang,1996-02-10,w23b4rz2pfue
SEMBAWANG MRT STATION,103.8197902,1.44876826,sembawang,1996-02-10,w23b4rxr8myr
SEMBAWANG MRT STATION,103.8204016,1.448927332,sembawang,1996-02-10,w23b4rz8wewk
SENGKANG MRT STATION,103.8957055,1.392370844,sengkang,2003-06-20,w21zujqx1ktp
SENGKANG MRT STATION,103.8956369,1.391795638,sengkang,2003-06-20,w21zujq7zc9b
SENGKANG MRT STATION,103.8954057,1.39182912,sengkang,2003-06-20,w21zujq7frv2
SENGKANG MRT STATION,103.8952094,1.390881586,sengkang,2003-06-20,w21zujnnmz55
SERANGOON MRT STATION,103.8728667,1.350790199,serangoon,2003-06-20,w21zetvuvjx1
SERANGOON MRT STATION,103.8736413,1.349833738,serangoon,2003-06-20,w21zetwrr70x
SERANGOON MRT STATION,103.8729021,1.350820245,serangoon,2003-06-20,w21zetvvn51s
SERANGOON MRT STATION,103.8735465,1.3497277,serangoon,2003-06-20,w21zetwqtp6p
SERANGOON MRT STATION,103.8739574,1.34948168,serangoon,2003-06-20,w21zetwtq9s7
SERANGOON MRT STATION,103.8743219,1.349901592,serangoon,2003-06-20,w21zetwzxpuh
SERANGOON MRT STATION,103.873694,1.350595104,serangoon,2003-06-20,w21zetyeb90j
SERANGOON MRT STATION,103.8714493,1.350948278,serangoon,2003-06-20,w21zetuvu5n2
SHENTON WAY MRT STATION,103.8518357,1.277462058,shenton way,2022-11-13,w21z70w9g0jq
SHENTON WAY MRT STATION,103.851808,1.277143646,shenton way,2022-11-13,w21z70qxfsbd
SHENTON WAY MRT STATION,103.8510341,1.277655942,shenton way,2022-11-13,w21z70w4bkrd
SHENTON WAY MRT STATION,103.8509151,1.277003054,shenton way,2022-11-13,w21z70mzjdwg
SHENTON WAY MRT STATION,103.8501288,1.277629581,shenton way,2022-11-13,w21z70t6erkt
SHENTON WAY MRT STATION,103.8498932,1.277929205,shenton way,2022-11-13,w21z70thmzkb
SIMEI MRT STATION,103.9538187,1.342661795,simei,1989-12-16,w21zts2ved33
SIXTH AVENUE MRT STATION,103.7965661,1.33078047,sixth avenue,2015-12-27,w21z9fq2773q
SIXTH AVENUE MRT STATION,103.7968482,1.331521301,sixth avenue,2015-12-27,w21z9fqs9ve9
SOMERSET MRT STATION,103.8383993,1.300028488,somerset,1987-12-12,w21z6usv4nf7
SOMERSET MRT STATION,103.838459,1.300766519,somerset,1987-12-12,w21z6uuce2qy
SOMERSET MRT STATION,103.8387656,1.300436221,somerset,1987-12-12,w21z6utpddgs
SOMERSET MRT STATION,103.8397341,1.300241139,somerset,1987-12-12,w21z6uty3nt8
SPRINGLEAF MRT STATION,103.8183906,1.397820804,springleaf,2021-08-28,w21zfqqnzudv
SPRINGLEAF MRT STATION,103.8180816,1.397684179,springleaf,2021-08-28,w21zfqqn0ehq
SPRINGLEAF MRT STATION,103.8180034,1.398787248,springleaf,2021-08-28,w21zfqtuwbf4
STADIUM MRT STATION,103.8762262,1.303370226,stadium,2010-04-17,w21z7v22etb4
STADIUM MRT STATION,103.8744,1.302511088,stadium,2010-04-17,w21z7tp58vwm
STEVENS MRT STATION,103.8263226,1.320937743,stevens,2015-12-27,w21zd8kp08tk
STEVENS MRT STATION,103.8258829,1.321519904,stevens,2015-12-27,w21zd8edqmjt
STEVENS MRT STATION,103.8257284,1.319951635,stevens,2015-12-27,w21zd8796bf6
STEVENS MRT STATION,103.8260136,1.318828896,stevens,2015-12-27,w21zd85f9rwb
STEVENS MRT STATION,103.8249916,1.319470461,stevens,2015-12-27,w21zd85n3xhg
TAI SENG MRT STATION,103.8876274,1.335914085,tai seng,2010-04-17,w21zs50wm0mt
TAI SENG MRT STATION,103.8882141,1.334620877,tai seng,2010-04-17,w21zs4cndz75
TAMPINES EAST MRT STATION,103.9545404,1.356460762,tampines east,2017-10-21,w21ztwcmuqe7
TAMPINES EAST MRT STATION,103.9557047,1.355553172,tampines east,2017-10-21,w21ztwf0xmrt
TAMPINES EAST MRT STATION,103.95517,1.355588226,tampines east,2017-10-21,w21ztwcbg5by
TAMPINES EAST MRT STATION,103.9557174,1.356970194,tampines east,2017-10-21,w21ztx40zv94
TAMPINES MRT STATION,103.9436782,1.354870575,tampines,1989-12-16,w21ztq9kxq0j
TAMPINES MRT STATION,103.9427235,1.354596339,tampines,1989-12-16,w21ztq8g1501
TAMPINES MRT STATION,103.9450896,1.353539082,tampines,1989-12-16,w21ztq6sbjur
TAMPINES MRT STATION,103.9426537,1.354193928,tampines,1989-12-16,w21ztq88z2h1
TAMPINES MRT STATION,103.9447663,1.353764013,tampines,1989-12-16,w21ztq6q0xgk
TAMPINES MRT STATION,103.944904,1.353398313,tampines,1989-12-16,w21ztq6k5gdp
TAMPINES MRT STATION,103.9426588,1.355853445,tampines,1989-12-16,w21ztqbdrmru
TAMPINES WEST MRT STATION,103.9389485,1.344999198,tampines west,2017-10-21,w21zthy51n12
TAMPINES WEST MRT STATION,103.9381967,1.345630588,tampines west,2017-10-21,w21zthvqze8x
TAN KAH KEE MRT STATION,103.8077991,1.325333069,tan kah kee,2015-12-27,w21zd1q895cp
TAN KAH KEE MRT STATION,103.8078009,1.326146159,tan kah kee,2015-12-27,w21zd1qt35d9
TANAH MERAH MRT STATION,103.945723,1.327061276,tanah merah,1989-11-04,w21zt3dfwyhu
TANAH MERAH MRT STATION,103.9457947,1.326857748,tanah merah,1989-11-04,w21zt3e1884n
TANJONG PAGAR MRT STATION,103.845656,1.276447968,tanjong pagar,1987-12-12,w21z7065g5jk
TANJONG PAGAR MRT STATION,103.8465446,1.276671742,tanjong pagar,1987-12-12,w21z706tpugg
TANJONG PAGAR MRT STATION,103.844834,1.276408501,tanjong pagar,1987-12-12,w21z703e85b3
TANJONG PAGAR MRT STATION,103.8465336,1.27608923,tanjong pagar,1987-12-12,w21z7069z87b
TANJONG PAGAR MRT STATION,103.8469088,1.276064828,tanjong pagar,1987-12-12,w21z707187ex
TANJONG PAGAR MRT STATION,103.8470958,1.276259101,tanjong pagar,1987-12-12,w21z7074sxyy
TANJONG PAGAR MRT STATION,103.8469276,1.277379488,tanjong pagar,1987-12-12,w21z70e12bc9
TANJONG PAGAR MRT STATION,103.8469531,1.27778454,tanjong pagar,1987-12-12,w21z70e59kk9
TANJONG PAGAR MRT STATION,103.8464451,1.275450904,tanjong pagar,1987-12-12,w21z704wj93c
TELOK AYER MRT STATION,103.8485065,1.281887389,telok ayer,2013-12-22,w21z71k5t94u
TELOK AYER MRT STATION,103.8488417,1.282250664,telok ayer,2013-12-22,w21z71kmtkug
TELOK AYER MRT STATION,103.8487733,1.282497275,telok ayer,2013-12-22,w21z71kr5fcf
TELOK BLANGAH MRT STATION,103.8098837,1.270721226,telok blangah,2011-10-08,w21z4r243xee
TIONG BAHRU MRT STATION,103.8269906,1.285759456,tiong bahru,1988-03-12,w21z6dhd04zm
TIONG BAHRU MRT STATION,103.8274964,1.286361941,tiong bahru,1988-03-12,w21z6dhvs50x
TOA PAYOH MRT STATION,103.8475776,1.332315537,toa payoh,1987-11-07,w21ze4e3rcw5
TOA PAYOH MRT STATION,103.8473198,1.332994102,toa payoh,1987-11-07,w21ze4em3bn5
TOA PAYOH MRT STATION,103.8465174,1.333278746,toa payoh,1987-11-07,w21ze4dwzjpt
TOA PAYOH MRT STATION,103.8477238,1.332376442,toa payoh,1987-11-07,w21ze4e9ekgr
TUAS CRESCENT MRT STATION,103.6489587,1.320763817,tuas crescent,2017-06-18,w21xw86y5b1r
TUAS CRESCENT MRT STATION,103.6492868,1.321243596,tuas crescent,2017-06-18,w21xw8e0g3tv
TUAS LINK MRT STATION,103.6372457,1.340426899,tuas link,2017-06-18,w21xwk42dcem
TUAS LINK MRT STATION,103.6368407,1.340940072,tuas link,2017-06-18,w21xwk4593m7
TUAS WEST ROAD MRT STATION,103.6392843,1.329872424,tuas west road,2017-06-18,w21xw65g465w
TUAS WEST ROAD MRT STATION,103.6397907,1.33018233,tuas west road,2017-06-18,w21xw6hhy5vn
UBI MRT STATION,103.8985856,1.329830771,ubi,2017-10-21,w21zs60dud2t
UBI MRT STATION,103.8998767,1.329950828,ubi,2017-10-21,w21zs61ed8g3
UPPER CHANGI MRT STATION,103.9610431,1.340840474,upper changi,2017-10-21,w21ztsn4gyu2
UPPER CHANGI MRT STATION,103.9613285,1.341861197,upper changi,2017-10-21,w21ztsq2ft11
UPPER CHANGI MRT STATION,103.9609606,1.342006542,upper changi,2017-10-21,w21ztsq1cbns
UPPER CHANGI MRT STATION,103.9616173,1.341992667,upper changi,2017-10-21,w21ztsq99m86
UPPER CHANGI MRT STATION,103.9614763,1.341037679,upper changi,2017-10-21,w21ztsnkjgx3
UPPER THOMSON MRT STATION,103.831833,1.355736575,upper thomson,2021-08-28,w21zdyb19pd5
UPPER THOMSON MRT STATION,103.8319162,1.354833645,upper thomson,2021-08-28,w21zdy8h7p23
UPPER THOMSON MRT STATION,103.8326352,1.354417822,upper thomson,2021-08-28,w21zdy8d5cb3
UPPER THOMSON MRT STATION,103.8339246,1.354144566,upper thomson,2021-08-28,w21zdy983ycf
UPPER THOMSON MRT STATION,103.8337939,1.35350301,upper thomson,2021-08-28,w21zdy3kwz0r
WOODLANDS MRT STATION,103.7889643,1.435843936,woodlands,1996-02-10,w23b1v2u6hsy
WOODLANDS MRT STATION,103.7879768,1.434495526,woodlands,1996-02-10,w23b1v0he1ke
WOODLANDS MRT STATION,103.7865081,1.436673115,woodlands,1996-02-10,w23b1tx10zm8
WOODLANDS MRT STATION,103.7871082,1.437243367,woodlands,1996-02-10,w23b1txkwcsf
WOODLANDS MRT STATION,103.7880055,1.437540374,woodlands,1996-02-10,w23b1v8n7bfn
WOODLANDS MRT STATION,103.7857356,1.436696875,woodlands,1996-02-10,w23b1tw3qgtw
WOODLANDS MRT STATION,103.7890891,1.434815175,woodlands,1996-02-10,w23b1v0ymhfj
WOODLANDS NORTH MRT STATION,103.7854291,1.447936502,woodlands north,2020-01-31,w23b1xw4zfbv
WOODLANDS NORTH MRT STATION,103.7851023,1.4490473,woodlands north,2020-01-31,w23b1xy121vr
WOODLANDS SOUTH MRT STATION,103.7930275,1.427302017,woodlands south,2020-01-31,w23b1ggf8u6s
WOODLANDS SOUTH MRT STATION,103.7934137,1.427604964,woodlands south,2020-01-31,w23b1guh3ufe
WOODLANDS SOUTH MRT STATION,103.7945605,1.42742676,woodlands south,2020-01-31,w23b1gugke9u
WOODLANDS SOUTH MRT STATION,103.7944238,1.426684241,woodlands south,2020-01-31,w23b1gsz135y
WOODLANDS SOUTH MRT STATION,103.7943652,1.425843387,woodlands south,2020-01-31,w23b1gsf0h2p
WOODLEIGH MRT STATION,103.8710538,1.33986722,woodleigh,2011-06-20,w21zeeut6cr7
WOODLEIGH MRT STATION,103.8709406,1.338510654,woodleigh,2011-06-20,w21zeest2k6z
WOODLEIGH MRT STATION,103.8705085,1.338583149,woodleigh,2011-06-20,w21zeesjy3bz
YEW TEE MRT STATION,103.7473299,1.398067768,yew tee,1996-02-10,w21zbyd8248p
YEW TEE MRT STATION,103.7471952,1.397655479,yew tee,1996-02-10,w21zby6muvge
YEW TEE MRT STATION,103.7474319,1.397000772,yew tee,1996-02-10,w21zby6d47u4
YEW TEE MRT STATION,103.7471114,1.397272512,yew tee,1996-02-10,w21zby67dymp
YIO CHU KANG MRT STATION,103.8446458,1.381953621,yio chu kang,1987-11-07,w21zg5967wu4
YIO CHU KANG MRT STATION,103.8448342,1.381644407,yio chu kang,1987-11-07,w21zg5988j0t
YIO CHU KANG MRT STATION,103.8449468,1.381547521,yio chu kang,1987-11-07,w21zg5984ehe
YISHUN MRT STATION,103.8348655,1.429636292,yishun,1988-12-20,w23b4u60pxx2
YISHUN MRT STATION,103.8356437,1.429665597,yishun,1988-12-20,w23b4u6b3ugx
YISHUN MRT STATION,103.8350908,1.429116814,yishun,1988-12-20,w23b4u4mhyxm
YISHUN MRT STATION,103.8347836,1.429397167,yishun,1988-12-20,w23b4u4nvffq
YISHUN MRT STATION,103.8348635,1.429106507,yishun,1988-12-20,w23b4u4jpsvb
BAYSHORE MRT STATION,103.9424215,1.313382835,bayshore,2024-06-23,w21zmr0e1bqc
BAYSHORE MRT STATION,103.9406298,1.312578384,bayshore,2024-06-23,w21zmnzq24qg
BAYSHORE MRT STATION,103.9406717,1.313976442,bayshore,2024-06-23,w21zmppq3nyn
MARINE PARADE MRT STATION,103.9060345,1.303688569,marine parade,2024-06-23,w21zkmq4d14v
MARINE PARADE MRT STATION,103.9049689,1.302805716,marine parade,2024-06-23,w21zkmjm3k86
MARINE PARADE MRT STATION,103.9077968,1.304832521,marine parade,2024-06-23,w21zkmx35nkv
MARINE PARADE MRT STATION,103.9077039,1.304332268,marine parade,2024-06-23,w21zkmrq2cpt
MARINE TERRACE MRT STATION,103.914777,1.306857146,marine terrace,2024-06-23,w21zktukvzcd
MARINE TERRACE MRT STATION,103.9157882,1.306964385,marine terrace,2024-06-23,w21zktvjt7gf
MARINE TERRACE MRT STATION,103.9147168,1.307147506,marine terrace,2024-06-23,w21zktuqsmuy
PUNGGOL COAST MRT STATION,103.910653,1.414947499,punggol coast,2024-12-10,w23bh996ttqd
SIGLAP MRT STATION,103.929651,1.310014415,siglap,2024-06-23,w21zkyrr2kks
SIGLAP MRT STATION,103.9285959,1.309101241,siglap,2024-06-23,w21zkyq6pf1v
SIGLAP MRT STATION,103.9312292,1.310453545,siglap,2024-06-23,w21zmn83vnjr
TANJONG KATONG MRT STATION,103.8972878,1.299466995,tanjong katong,2024-06-23,w21zkhx9yq0y
TANJONG RHU MRT STATION,103.8735485,1.297392225,tanjong rhu,2024-06-23,w21z7snmv57w
TANJONG RHU MRT STATION,103.8732481,1.296791564,tanjong rhu,2024-06-23,w21z7sn4q57w
HUME MRT STATION,103.7687324,1.355136857,hume,2025-02-28,w21z9qdn4xz4
HUME MRT STATION,103.7684749,1.355909117,hume,2025-02-28,w21z9qcfsxyb
